{"cameraMode":{"drawMode":0,"name":"Shaded","section":"Shading Mode"},"sceneLighting":true,"audioPlay":false,"sceneViewState":{"m_AlwaysRefresh":false,"showFog":true,"showSkybox":true,"showFlares":true,"showImageEffects":true,"showParticleSystems":true,"showVisualEffectGraphs":true,"m_FxEnabled":true},"in2DMode":false,"pivot":{"x":-5.10622501373291,"y":2.0613901615142824,"z":-0.40681958198547366},"rotation":{"x":-0.06538982689380646,"y":-0.7786189913749695,"z":0.08230055868625641,"w":-0.6186317801475525},"size":1689.7476806640625,"orthographic":false}